{
  "openapi": "3.0.2",
  "info": {
    "title": "User API",
    "description": "User API",
    "version": "1.0.0"
  },
  "servers": [{ "url": "http://localhost:8000" }],
  "paths": {
    "/api/users/login": {
      "post": {
        "description": "Login user",
        "requestBody": {
          "content": {
            "application/json": {
              "schema": {
                "type": "object",
                "properties": {
                  "username": {
                    "type": "string"
                  },
                  "password": {
                    "type": "string"
                  }
                }
              }
            }
          }
        },
        "responses": {
          "200": {
            "description": "Success user login",
            "content": {
              "application/json": {
                "schema": {
                  "type": "object",
                  "properties": {
                    "data": {
                      "type": "object",
                      "properties": {
                        "id": {
                          "type": "number"
                        },
                        "username": {
                          "type": "string"
                        },
                        "name": { "type": "string" },
                        "token": { "type": "string" }
                      }
                    },
                    "errors": { "type": "object" }
                  }
                }
              }
            }
          }
        }
      }
    },
    "/api/users/current": {
      "get": {
        "description": "Get current user",
        "parameters": [
          {
            "name": "Authorization",
            "in": "header"
          }
        ],
        "responses": {
          "200": {
            "description": "Success get current user",
            "content": {
              "application/json": {
                "schema": {
                  "type": "object",
                  "properties": {
                    "data": {
                      "type": "object",
                      "properties": {
                        "id": {
                          "type": "number"
                        },
                        "username": {
                          "type": "string"
                        },
                        "name": { "type": "string" }
                      }
                    },
                    "errors": { "type": "object" }
                  }
                }
              }
            }
          }
        }
      },
      "patch": {
        "description": "Update current user",
        "parameters": [
          {
            "name": "Authorization",
            "in": "header"
          }
        ],
        "requestBody": {
          "description": "Update current user",
          "content": {
            "application/json": {
              "schema": {
                "type": "object",
                "properties": {
                  "name": {
                    "type": "string"
                  },
                  "password": {
                    "type": "string"
                  }
                }
              }
            }
          }
        },
        "responses": {
          "200": {
            "description": "Success update current user",
            "content": {
              "application/json": {
                "schema": {
                  "type": "object",
                  "properties": {
                    "data": {
                      "type": "object",
                      "properties": {
                        "id": {
                          "type": "number"
                        },
                        "username": {
                          "type": "string"
                        },
                        "name": { "type": "string" }
                      }
                    },
                    "errors": { "type": "object" }
                  }
                }
              }
            }
          }
        }
      }
    },
    "/api/users/logout": {
      "delete": {
        "description": "Logout current user",
        "parameters": [
          {
            "name": "Authorization",
            "in": "header"
          }
        ],
        "responses": {
          "200": {
            "description": "Success logout",
            "content": {
              "application/json": {
                "schema": {
                  "type": "object",
                  "properties": {
                    "data": { "type": "boolean" },
                    "errors": { "type": "object" }
                  }
                }
              }
            }
          }
        }
      }
    }
  }
}
